bandName,No-IR,IR
GRE,282.38768,54.2517112
NIR,614.221848,312.698984
RED,367.84662,97.5327952
REG,114.849048,43.9905624
